Date,USD (AM),USD (PM),GBP (AM),GBP (PM),EURO (AM),EURO (PM)
2022-10-31,-0.020266028994171,-0.019590249738298,-0.05093787183978,-0.05133785942492,-0.031813112637201,-0.031370393971459
2022-09-30,-0.023154636767111,-0.025729937642054,0.016160038039602,0.016453777873999,-0.0057773109243697,-0.0027285288681853
2022-08-31,-0.02643697765649,-0.021387019504962,0.017099626917231,0.018213882229754,-0.0060728392698672,-0.0060786927044098
2022-07-31,-0.030161005734451,-0.035002751788663,-0.031923645435514,-0.028073675823698,-0.0088247806740178,-0.010986491830337
2022-06-30,-0.022001725625539,-0.011801816500789,0.01672174847335,0.021628646670543,0.0066495749249102,0.015155746384147
2022-05-31,-0.031872405962045,-0.037984617799404,-0.035762058383822,-0.039675501691464,-0.046201487058616,-0.052777762469759
2022-04-30,-0.004495608336365,-0.015884457946091,0.03964060998139,0.028941623353362,0.047324210733219,0.035943663901623
2022-03-31,0.010928387537435,0.0169123229573,0.032184296258769,0.038864469378871,0.017152769610726,0.029589311639991
2022-02-28,0.062939796716185,0.063835120456761,0.066791271646362,0.065126018996336,0.061395679771319,0.060145690659721
2022-01-31,-0.016207900664799,-0.0058698119998892,-0.011024007839294,0.0004414482495454,-0.0023847178810256,0.0070851218716269
2021-12-31,0.012516688918558,0.00080359122145856,0.0012933725805013,-0.010425073486402,0.015048190867436,0.0038744306476915
2021-11-30,0.00072370984802091,0.019924822654947,0.031315400124188,0.04922197276322,0.026022618213887,0.041473112353358
2021-10-31,0.037753834599497,0.01511934817535,0.013605706471064,-0.0047165070013066,0.033419333221645,0.012650490339384
2021-09-30,-0.045940583145015,-0.039700250709425,-0.022942953886333,-0.017592233894675,-0.02732422091424,-0.019376865039549
2021-08-31,-0.0076302475044442,-0.0059701492537314,0.0072108583444848,0.0060908507321249,-0.0010158035592194,-0.0013663691018401
2021-07-31,0.04007850722494,0.035504636587925,0.029570379234603,0.026773383553044,0.039333789024168,0.034649432831802
2021-06-30,-0.071151153266929,-0.072001894786705,-0.047690808217124,-0.050457485172712,-0.048164753475309,-0.048861540825735
2021-05-31,0.069906151062868,0.074845133369162,0.048923001910993,0.052932177460479,0.061369323542684,0.066797816895155
2021-04-30,0.049514937550064,0.045297300493776,0.040112878818862,0.039241104914718,0.019190567773225,0.016215353218428
2021-03-31,-0.045181576114668,-0.029721433284563,-0.035881865857025,-0.019309650027585,-0.014266579661366,0.0016757057432901
2021-02-28,-0.047282344686134,-0.06489430196373,-0.063955591316094,-0.078886122935969,-0.047168699931934,-0.062622207159058
2021-01-31,-0.020305642218814,-0.012608603517694,-0.020172431251718,-0.021342232537354,-0.0077926126032521,-0.00059276050521439
2020-12-31,0.06724230367674,0.07094834189101,0.039510386983752,0.053039445620906,0.041408273539417,0.04474493684669
2020-11-30,-0.055363045100757,-0.063395063368494,-0.081547109355578,-0.093822218553978,-0.079953210261388,-0.088006752563243
2020-10-31,-0.0040352553891898,-0.0026763474481956,-0.01387139170168,-0.0093415915455531,-0.0015841067501584,-0.001276885886072
2020-09-30,-0.037042717999846,-0.035992540935448,-0.0023641786177708,-0.0035847404118378,-0.02007645855654,-0.020645780089965
2020-08-31,-0.0095457537853852,-0.0038424347295029,-0.022537867468839,-0.013152076326263,-0.014470495068513,-0.0086717377175457
2020-07-31,0.11520867453549,0.11130592161077,0.042743979282361,0.038953625972796,0.054728382953143,0.05350848274288
2020-06-30,0.026106104945962,0.022791693179846,0.030144373430724,0.026326505826124,0.019481985614295,0.014373267651466
2020-05-31,0.0051842143585263,0.015240052855675,0.020379643647374,0.027935873803876,-0.017561760865983,-0.0088851495624351
2020-04-30,0.06985947091266,0.058298890580814,0.057178692069159,0.050030459357963,0.07960205813126,0.068150407472716
2020-03-31,-0.013342761398223,-0.00055905829735681,0.029500067333666,0.033413553487186,-0.0088769233899132,0.00042910269857911
2020-02-29,0.028781984375494,0.016191137482641,0.047401347449471,0.04171405327777,0.028670884751414,0.025294002625772
2020-01-31,0.037984241628365,0.045849150024757,0.040992243776883,0.045168623163886,0.055557191876648,0.059212521543594
2019-12-31,0.045765097675696,0.037393418484402,0.0249922535523,0.018783368100979,0.026314198482513,0.01844932274638
2019-11-30,-0.033224907063197,-0.033621231675436,-0.028836977362027,-0.031876567086268,-0.018753754087784,-0.021459164190987
2019-10-31,0.012637805861791,0.017269238537669,-0.03747993180953,-0.031084688987281,-0.009708096199743,-0.0041404523664448
2019-09-30,-0.025515050276768,-0.028199424234494,-0.035718275691463,-0.036038844263278,-0.01518712710179,-0.015424536143577
2019-08-31,0.067107056726434,0.070645511540752,0.066066628100861,0.071694719259926,0.077579488778055,0.079711558722305
2019-07-31,0.01227710161336,0.013165365507452,0.054365082924467,0.053484091032143,0.033946513895268,0.035191184430567
2019-06-30,0.090432098765432,0.087568986144881,0.083155215296129,0.077157853810264,0.067936185591849,0.066094206206344
2019-05-31,0.0084425942496984,0.010332995398893,0.040265200517464,0.045762263920795,0.014092864560154,0.015995939761461
2019-04-30,-0.0046470200983619,-0.010112706499923,-0.0016648336679817,-0.0129429706626,-0.0045344382769135,-0.0095509659302658
2019-03-31,-0.025878003696858,-0.018004017738695,-0.0051394786239849,0.0048494258320142,-0.010001547960991,-0.004254621399106
2019-02-28,0.0022306238185256,-0.003098431891177,-0.010665872188291,-0.017347282490242,0.0092521871962226,0.0052573133914009
2019-01-31,0.031872976241564,0.034597341673182,0.0014918693122482,0.0011306831706736,0.028686731605404,0.032229177300773
2018-12-31,0.050145438158056,0.050470206562359,0.050681853806364,0.055030607439962,0.043101280558789,0.039748603351955
2018-11-30,0.0022583559168925,0.0021400057615539,0.0012346066522281,0.004055516447956,-0.00046544100535257,0.00077340961823376
2018-10-31,0.028897338403042,0.023331227626869,0.054421693658709,0.043034673212642,0.052763105026411,0.046923624728068
2018-09-30,-0.019347889132866,-0.012640858247744,-0.022790487073891,-0.015843228610563,-0.013171764842413,-0.0079359702691456
2018-08-31,-0.010129593175853,-0.01515213563209,0.00093880501990915,-0.0031286285640562,-0.0056065239551477,-0.0096137256781367
2018-07-31,-0.025068969653352,-0.023591507057459,-0.024813477990929,-0.02153399467699,-0.031652465428132,-0.028711341165956
2018-06-30,-0.040621403912543,-0.04205768567817,-0.028869540335602,-0.031097747426358,-0.035677724097056,-0.039814781707012
2018-05-31,-0.0096866096866097,-0.0059777642400245,0.020779871064655,0.02723303563015,0.023868630587889,0.028832093292745
2018-04-30,-0.0057783820530252,-0.0080447180571816,0.017978315581561,0.014122044192442,0.010987172336866,0.01187451724876
2018-03-31,0.0027266530334016,0.0045528702052586,-0.0099354458859894,-0.013067717393582,-0.0043774814211544,-0.0044009190972094
2018-02-28,-0.017158596047195,-0.020222296568901,0.00089446379526252,0.005330804888327,0.00143654191922,4.6327610329162e-05
2018-01-31,0.036135750096413,0.041866769945778,-0.010979975854461,-0.011105786260496,-0.0032056907940321,-0.001082892155048
2017-12-31,0.011192138205358,0.0084361818465864,0.0086076587168291,0.011571536969901,-0.0014851576481006,0.0050791642635212
2017-11-30,0.0060812931575643,0.0079124512852812,-0.011999460698396,-0.01064550772086,-0.010533041255933,-0.015306543066255
2017-10-31,-0.0097517386067834,-0.010092744135297,0.001100555469034,-0.00096872981812874,0.0043820245320034,0.003917493539814
2017-09-30,-0.014435595037525,-0.021841052029731,-0.049369799737458,-0.058453149212452,-0.0068195682457594,-0.017545286172471
2017-08-31,0.031152524973349,0.034870419312848,0.049275572447933,0.05606479611389,0.017839601134321,0.026229417000445
2017-07-31,0.018580333802534,0.020366270879453,0.0085228162894416,0.0085763830854087,-0.010789948937965,-0.0079652692187414
2017-06-30,-0.016260484253838,-0.018914863370716,-0.03073527774122,-0.027371929040255,-0.034629544408652,-0.035006124296594
2017-05-31,-0.0013827979929675,-0.00019740218721623,0.0095973017170891,0.0045828952874772,-0.023235711074997,-0.028582267785241
2017-04-30,0.01920753805267,0.0173514881311,-0.018124159524718,-0.018916104223829,-0.0044234840530819,-0.004395113869503
2017-03-31,-0.0081476156242512,-0.0085616438356164,-0.010368457642268,-0.010777612679544,-0.015930012957427,-0.016239359546007
2017-02-28,0.044294294294294,0.035290237467018,0.043517011949301,0.043982750240442,0.05503037884203,0.054301664040172
2017-01-31,0.034250711759124,0.058382057771184,0.02369029684483,0.031852911046611,0.018973742670891,0.025061375728979
2016-12-31,-0.023833585986188,-0.027332144979204,-0.0099573556288468,-0.0097741897989159,-0.015312343111239,-0.014551799188769
2016-11-30,-0.068121174070005,-0.073820754716981,-0.090022805344059,-0.095548608635567,-0.041073161757436,-0.043624334255398
2016-10-31,-0.040439792153024,-0.038185255198488,0.020721829920996,0.027384563118521,-0.020592351099712,-0.014684707208448
2016-09-30,0.010232416600099,0.010120297880466,0.024702688004351,0.019118407846692,0.007192206873684,0.0042675209652393
2016-08-31,-0.013545966228893,-0.024403874813711,-0.011598424558859,-0.017711353784759,-0.017488999594229,-0.022661633520884
2016-07-31,0.011769172361428,0.016089343176226,0.036050691069686,0.034789648950432,0.014020926200671,0.01213555041044
2016-06-30,0.087980173482032,0.089637818661827,0.17820910392475,0.18863743249305,0.088464877431506,0.094749901147609
2016-05-31,-0.050215770890545,-0.057208415976354,-0.051185801736559,-0.058093587442721,-0.028635541802746,-0.034135289483172
2016-04-30,0.033154993514916,0.039329021827001,0.01886266644901,0.02023977293719,0.031272167163211,0.035435215646728
2016-03-31,-0.00044565085281382,0.0017005425540529,-0.037408426296006,-0.031349736885936,-0.040619164071939,-0.04307791371539
2016-02-29,0.10894959115824,0.11072135276129,0.1468901535582,0.13858770165165,0.10939948190288,0.10529173934111
2016-01-31,0.047681807484114,0.048867924528302,0.084419373391181,0.091887687075115,0.046766975942196,0.056621363944005
2015-12-31,0.0062520721830151,-0.0017892456916848,0.018934588053231,0.012796823678446,-0.023925995013038,-0.03288221779874
2015-11-30,-0.080243955565236,-0.070425001094235,-0.060137399620607,-0.04898830980696,-0.042672950365302,-0.02860095984949
2015-10-31,0.02249443207127,0.025448833034111,0.01206571607549,0.010260871459339,0.04186242633408,0.037414873782782
2015-09-30,-0.0026654820079964,-0.018502202643172,0.011124684843917,-0.0055265224337278,0.0025805779452749,-0.014378294613533
2015-08-31,0.042081385121059,0.033321194464676,0.053013169381117,0.052756105278461,0.012967719217776,0.020579211330534
2015-07-31,-0.080808510638298,-0.06199829205807,-0.070794766255061,-0.056367314220541,-0.064160895111058,-0.053542855504258
2015-06-30,-0.012936827956989,-0.017122712774887,-0.040049187721573,-0.045423265750498,-0.028461319159262,-0.033674841684462
2015-05-31,-0.011541974591049,0.0094471510273248,-0.0019070703961627,0.013633169360506,0.0073114062398349,0.021645544535769
2015-04-30,0.02124231503074,-0.0056866048862679,-0.022833510871609,-0.042813189003351,-0.020794656182884,-0.042044078031495
2015-03-31,-0.021369294605809,-0.022240527182867,0.019388762770305,0.019357624008787,0.023517313839894,0.019107693469887
2015-02-28,-0.046299960427384,-0.036699067645308,-0.065256382699243,-0.060382626125239,-0.037123402667661,-0.02593285222788
2015-01-31,0.053575151136127,0.044983416252073,0.08779012672829,0.081191774142366,0.13018498808981,0.12537402964365
2014-12-31,0.012452511608274,0.019657577679138,0.021032443917462,0.027458028328807,0.0376053723463,0.044104808097849
2014-11-30,0.0095887492009376,0.015890057977239,0.027967251334419,0.03468292910371,0.01858487948432,0.018334093898478
2014-10-31,-0.030371900826446,-0.0429510891903,-0.017520712080317,-0.027905494848288,-0.027595560958688,-0.034300942031615
2014-09-30,-0.058915030138052,-0.053859615010694,-0.036153989165294,-0.032097443275291,-0.016283624044016,-0.01140507067433
2014-08-31,-0.0071428571428571,0.00038902937171756,0.0093645502383491,0.017755885141577,0.0092085926180265,0.016024662941535
2014-07-31,-0.013709063214014,-0.022623574144487,-0.0054099873499098,-0.012548449046969,0.0055115154275636,-0.0026177330639423
2014-06-30,0.047049441786284,0.051579368252699,0.029637221617236,0.032709961231746,0.044058746442891,0.048346346934997
2014-05-31,-0.029411764705882,-0.029491656965464,-0.024713789638638,-0.023116993888145,-0.014583694421798,-0.012387770115338
2014-04-30,-0.0015455950540958,-0.002515966711825,-0.012173045472779,-0.01547592062151,-0.0055189011992199,-0.0072667559262605
2014-03-31,-0.025418941818866,-0.026196758386732,-0.019443852613504,-0.022040958219291,-0.022657931679925,-0.025984317477485
2014-02-28,0.065182511030886,0.0603517186251,0.047364709983416,0.044866024426195,0.044660839639428,0.036523778776907
2014-01-31,0.037453183520599,0.038605230386052,0.041739111296961,0.040245440095942,0.054998630449408,0.062481245891275
2013-12-31,-0.035133507327846,-0.038707102952913,-0.047277568971573,-0.047975111175989,-0.046694592303188,-0.052017636335803
2013-11-30,-0.066354264292409,-0.053625377643504,-0.08288843965511,-0.069562243667947,-0.062030970907515,-0.052512087233824
2013-10-31,-0.001497286168819,-0.0018846588767433,0.0057283073148031,0.0033375067376754,-0.013916860602006,-0.0084800910635711
2013-09-30,-0.040926225094238,-0.048933500627353,-0.07995222350857,-0.088119055755516,-0.059187315265433,-0.071356922904971
2013-08-31,0.04600075103267,0.061049828832256,0.027227872641095,0.038834761220333,0.048923649788041,0.063941348382546
2013-07-31,0.10658632869312,0.10276845637584,0.10898651636141,0.10800790778339,0.087752430064791,0.085203157073943
2013-06-30,-0.14678248537493,-0.14521333811402,-0.14846128452481,-0.14880706499289,-0.15109712268308,-0.14980311574563
2013-05-31,-0.042437616703446,-0.05071477195371,-0.024311633522413,-0.02829606719735,-0.035654028671696,-0.03680455238711
2013-04-30,-0.080967238689548,-0.080869701235727,-0.10153895330748,-0.10142374425756,-0.10134639079168,-0.10378463240033
2013-03-31,0.0072281583909491,0.006137865911237,0.0078269530449535,0.0065356604781225,0.032747867136094,0.026608954741788
2013-02-28,-0.049865631531801,-0.045802673074035,-0.0087626479730177,-0.0060016770508974,-0.017402472462956,-0.010883739429227
2013-01-31,0.0063100961538462,0.0043740573152338,0.028318668326013,0.025148801700925,-0.021148385889873,-0.020794493960211
2012-12-31,-0.037176334442355,-0.039687137891078,-0.045038065956251,-0.046888860021898,-0.051118256520186,-0.055513344669971
2012-11-30,0.0059662398137369,0.0040721349621873,0.011236629705345,0.0091510318202715,0.0060437157312163,0.00075357950263755
2012-10-31,-0.035373385738349,-0.032094594594595,-0.029927045829344,-0.028667031685715,-0.03863884194775,-0.037468833452651
2012-09-30,0.074347760518776,0.077343039126479,0.048762794888535,0.055867075254175,0.042173575178636,0.050106743115069
2012-08-31,0.021568325373594,0.016337854500616,0.012788376488102,0.003754520847953,-0.0032230274542994,-0.0071926979960062
2012-07-31,0.033928002548582,0.014701282452299,0.028193302786033,0.01775101489029,0.060318330272465,0.048089250806062
2012-06-30,0.0012759170653908,0.02599486521181,-0.0043720584102254,0.010489312915803,-0.011144327960972,0.0017245791470566
2012-05-31,-0.057142857142857,-0.056472369417108,-0.010705443181852,-0.0072951540809759,0.0043473970527146,0.0081467178373702
2012-04-30,0.0010537407797682,-0.0067669172932331,-0.016597941816704,-0.022413733390286,0.0090748269712112,0.0011904131632101
2012-03-31,-0.071168903803132,-0.060734463276836,-0.073259801997159,-0.06396490179057,-0.063646979121944,-0.055451837079826
2012-02-29,0.028768699654776,0.014908256880734,0.016838560303094,0.0044020669002014,0.0096381517765977,-0.0062816463439885
2012-01-31,0.10384248967926,0.13912475506205,0.080249992894588,0.113777648833,0.08234077097774,0.12160096608566
2011-12-31,-0.07599765258216,-0.12313860252005,-0.068692389346929,-0.10551385017963,-0.050999760615756,-0.086786021385137
2011-11-30,-0.0081490104772992,0.013937282229965,0.021186938309854,0.034818155793997,0.045000492979724,0.052943779714899
2011-10-31,0.05463474524248,0.062962962962963,0.029014211218394,0.030194131203068,0.01907647696756,0.022216596249782
2011-09-30,-0.1078860898138,-0.10669975186104,-0.070029612715629,-0.063188605604866,-0.047409691399968,-0.040932311266118
2011-08-31,0.13152594887684,0.11360147374885,0.13055412419215,0.12008406580114,0.11899252938677,0.10858345615165
2011-07-31,0.07012599469496,0.081700431750249,0.050988700265589,0.054747843097647,0.085180773811811,0.089455517417097
2011-06-30,-0.018867924528302,-0.020175724048161,0.012687002074611,0.0085350489210562,-0.023606096131301,-0.025586014352902
2011-05-31,0.0039190071848465,0.00065125366330186,0.014082468257579,0.014013803961137,0.033588600232648,0.031923121543757
2011-04-30,0.069881201956674,0.067060458651842,0.035273358670508,0.025514772209047,0.02496845410196,0.019556046209045
2011-03-31,0.015073594608973,0.019844082211198,0.021494621452956,0.032429588733276,-0.012480499219969,-0.0053920511362522
2011-02-28,0.057180352455943,0.063300678221552,0.035029032019804,0.045102641624749,0.043265436477594,0.053995546439476
2011-01-31,-0.054422974649885,-0.055852009960868,-0.076268398030207,-0.086131109185823,-0.0740943986352,-0.08394623503242
2010-12-31,0.025636363636364,0.015901698590531,0.02669421917121,0.020964106432465,-0.00091849972066248,-0.0069278637363463
2010-11-30,0.028614176173555,0.027287915351773,0.052781950773322,0.056723556289411,0.092529908092875,0.098694769369321
2010-10-31,0.019641495041953,0.030413159908187,0.019897588439455,0.015963074994878,0.0068118755780721,0.010336494315241
2010-09-30,0.062829347385488,0.048956661316212,0.030284055188722,0.025116775525382,-0.013137431658322,-0.021188890182597
2010-08-31,0.056078767123288,0.065868263473054,0.07018977656979,0.080894243262263,0.08456510663725,0.090409146492219
2010-07-31,-0.05844417573559,-0.060289389067524,-0.094905745579043,-0.097311989971191,-0.11296613102596,-0.11334254961983
2010-06-30,0.021828665568369,0.030227743271222,-0.0097418283611166,-0.0015140792520593,0.033657630105425,0.037356937036419
2010-05-31,0.032971708147203,0.023955904176383,0.089822651577113,0.074755910156311,0.10822352919854,0.10011742326919
2010-04-30,0.059260928346102,0.057149260421336,0.045463610261958,0.049803028512998,0.071355408088467,0.075525346817376
2010-03-31,-0.0026966292134831,0.0065418452515227,0.0048064781773263,0.0071405125960776,0.0078205074890471,0.0099665578040766
2010-02-28,0.027476333410298,0.027584608252202,0.086423287571145,0.087381008680548,0.054358675439298,0.053566108715922
2010-01-31,-0.019248188405797,-0.0082758620689655,-0.01979438279761,-0.015448611513762,0.011796696507442,0.019317682877132
2009-12-31,-0.0580204778157,-0.075058473314905,-0.035311634622434,-0.044446807379446,-0.015776577465114,-0.027634436503686
2009-11-30,0.12206797510771,0.13052884615385,0.12444330996913,0.13520304439531,0.1072330478108,0.11029410721154
2009-10-31,0.043196004993758,0.044438865177002,0.013841247592931,0.0088399436627842,0.030272132761409,0.032197624474824
2009-09-30,0.053115961083355,0.042124542124542,0.068754037079285,0.065639102751269,0.031288808849702,0.026050019765608
2009-08-31,0.015216230646022,0.017571884984026,0.029824182745212,0.029420708396099,-0.0030185177932888,0.0010623074943838
2009-07-31,-0.0047821466524973,0.0048154093097913,-0.0025604511758489,0.0045112330585983,-0.0044999047837541,-0.00044669177365214
2009-06-30,-0.031893004115226,-0.042029728344439,-0.061801873095077,-0.064788639365918,-0.0370382670521,-0.037872254218158
2009-05-31,0.093363329583802,0.10444381545429,0.0084327251843146,0.0096884070898266,0.036883214880846,0.034183455099982
2009-04-30,-0.032117583015787,-0.036279323513366,-0.069223633032541,-0.064158874348776,-0.034007633422183,-0.030154108744053
2009-03-31,-0.026754966887417,-0.037289915966387,-0.033778264916969,-0.043146628367191,-0.071959315263756,-0.084766746324091
2009-02-28,0.027490473598258,0.035345296356716,0.038004472948016,0.042848379543133,0.044362333508084,0.051964729884576
2009-01-31,0.061849710982659,0.057200344926703,0.076314160576105,0.071156613927798,0.16065350800128,0.16457360644826
2008-12-31,0.063306699446835,0.067833026396562,0.12596279157616,0.12665393995648,-0.029628097673104,-0.040352630674808
2008-11-30,0.11667810569664,0.11460827916524,0.17300266082953,0.17585950152115,0.10694045174538,0.114782581446
2008-10-31,-0.18784838350056,-0.17382702091577,-0.091739057818345,-0.078544700914906,-0.083291547650897,-0.07953303527074
2008-09-30,0.072325164375374,0.061824729891957,0.086998746661592,0.076037048071362,0.099039379117764,0.10167980439062
2008-08-31,-0.082785087719298,-0.092592592592593,-0.0060375340249938,-0.012371107255207,-0.027108970318196,-0.034838408467816
2008-07-31,-0.022246046636291,-0.013168503090567,-0.016229488561504,-0.008660701263716,-0.0099162368839238,-0.0039578217045449
2008-06-30,0.060545764638999,0.050239909681061,0.048638804282978,0.038185684543359,0.038890631221743,0.032677963012296
2008-05-31,0.013540766349755,0.016934557979334,0.011536550560039,0.017811329991207,0.01766131866398,0.018898720501442
2008-04-30,-0.074153107495332,-0.066952329941082,-0.06648721000665,-0.059767646030975,-0.059216863100329,-0.050214470709356
2008-03-31,-0.032765737874097,-0.039114770972723,-0.034178470979289,-0.040032402312347,-0.070207219754573,-0.078866250775305
2008-02-29,0.048985115020298,0.052261034389385,0.053959719389625,0.052419241988784,0.025725836680915,0.029243348850672
2008-01-31,0.10430364614465,0.10734632683658,0.11067850506676,0.10996544687277,0.093081818517535,0.096159032381449
2007-12-31,0.052532242843662,0.064135290363752,0.087214251685007,0.10072279269422,0.057541099456966,0.068118234020522
2007-11-30,0.015006385696041,-0.0075997466751108,0.016478078624807,-0.0020133400182172,-0.0076568321863772,-0.028052261747914
2007-10-31,0.061335140630295,0.062584118438762,0.039003601770642,0.042586439991461,0.041430910684359,0.044930800677652
2007-09-30,0.10441616766467,0.10565476190476,0.099024291485742,0.094999355702928,0.064459374309539,0.061685437965391
2007-08-31,0.0018747656542932,0.0097670924117205,0.0082779338374638,0.018390397685483,0.0043663277026541,0.014281596178396
2007-07-31,0.028141865844256,0.023059185242121,0.013565801703986,0.0096599452757167,0.010730781372011,0.0086501417460202
2007-06-30,-0.0123362777947,-0.013048095888333,-0.025703127820635,-0.027129435887597,-0.014095119534149,-0.017505519574595
2007-05-31,-0.031563421828908,-0.026440177252585,-0.023670064330406,-0.016240382431958,-0.019749676859962,-0.0125408524717
2007-04-30,0.021853805576488,0.02304495655459,0.0041027728373433,0.0023944448878602,2.0070850100381e-06,-0.00082141145868988
2007-03-31,-0.019940915805022,-0.0036886479975912,-0.020693061585255,-0.0020090629093355,-0.029508126470634,-0.011898059826492
2007-02-28,0.048393341076268,0.021060722521138,0.047909194097616,0.01855836147938,0.028438183610183,0.0029008465125002
2007-01-31,0.015809344030203,0.029272151898734,0.019553201929397,0.031536139163211,0.034027189437423,0.042517434810552
2006-12-31,-0.0042293233082706,-0.022730787072831,-0.0069718124260682,-0.020633797899888,-0.0022630700042987,-0.015593552098967
2006-11-30,0.062406390414378,0.071138716356108,0.03134679325908,0.038948218329538,0.022063281165837,0.03141940620321
2006-10-31,-0.0014125467386789,0.0075093867334168,-0.016071450784292,-0.013125663364241,-0.0029842385032053,0.00079255379855185
2006-09-30,-0.032167269802976,-0.038893344025662,-0.014076129447655,-0.019725761570006,-0.018498192348954,-0.026828576012242
2006-08-31,-0.023940345368917,-0.014229249011858,-0.045037580115771,-0.033348965199926,-0.031155499124834,-0.019149064939781
2006-07-31,0.060959360426382,0.030969845150774,0.042927943471184,0.019585731555491,0.057550284754565,0.031132208918215
2006-06-30,-0.081957186544342,-0.060490045941807,-0.059122500050279,-0.045163624460543,-0.070406479735078,-0.053128145330778
2006-05-31,0.024676850763807,0.013975155279503,-0.014424424679528,-0.019932460953989,-0.00062962132212606,-0.0086501980953942
2006-04-30,0.092893835616438,0.10652920962199,0.050563134753714,0.061471871816854,0.054341174200856,0.066666805521131
2006-03-31,0.049415992812219,0.046762589928058,0.054792715223476,0.052480838033438,0.029493611141366,0.027333126491136
2006-02-28,-0.023341523341523,-0.022417582417582,-0.0079039694176464,-0.0085468487002058,-0.0054270250981324,-0.0037645674477895
2006-01-31,0.11072124756335,0.10867446393762,0.080036715014827,0.07584069965527,0.086491551161513,0.082065263774615
2005-12-31,0.038882138517618,0.035004539493594,0.038883106177566,0.039277325099152,0.033880996578497,0.030104808453107
2005-11-30,0.044747699143129,0.052894317578332,0.077151714900597,0.080991274732892,0.069222919536711,0.072830952453784
2005-10-31,-0.0015842839036755,-0.0052826201796091,-0.011297312377941,-0.0097112733594738,-0.0039032720397646,-0.0021316104087707
2005-09-30,0.093302540415704,0.092325447201385,0.10820481743941,0.10835028697134,0.10984321810423,0.11156350640281
2005-08-31,0.013695423153459,0.0099067599067599,-0.0042485591842766,-0.0093763440860214,0.0033192226284395,-0.000483263811171
2005-07-31,-0.022092490842491,-0.018531228551819,0.0012165250127406,0.0012960965345824,-0.024196554552006,-0.021849464267943
2005-06-30,0.047733269369153,0.054650741947159,0.061917086008318,0.072711113457672,0.075878520692657,0.077082942544342
2005-05-31,-0.037626962142198,-0.048772090888226,0.011776810237479,-0.0031272478464535,0.0070544099036974,-0.0028294716340274
2005-04-30,0.013333333333333,0.019181286549708,-0.0038839648991621,0.0062760952271664,0.012629888818201,0.023041922569906
2005-03-31,-0.02073072958424,-0.018256975542542,0.0019214751287962,0.00026488428971279,0.0029350639880408,0.0014753255602435
2005-02-28,0.030084945729118,0.031505389079711,0.0076514525769807,0.012298781741314,0.0084166470063761,0.014451116775392
2005-01-31,-0.032420091324201,-0.030876951331497,-0.0077420321402291,-0.013616867459257,0.016313858839502,0.011900189541198
2004-12-31,-0.030973451327434,-0.039258932509925,-0.046037117215578,-0.043464511150747,-0.057190166109836,-0.059460840604653
2004-11-30,0.060534960112623,0.065444718599459,0.02174090442506,0.020692831104665,0.018658468384677,0.018878821248175
2004-10-31,0.033587971383533,0.023818116203537,0.015239515474976,0.010125118466929,-0.00047229454440005,-0.0027960050250505
2004-09-30,0.010414114187699,0.020626151012891,0.0084470378203916,0.012322750437898,-0.0097504373488521,-0.002167640814771
2004-08-31,0.047484599589322,0.040495656617271,0.060090618386582,0.057446551066186,0.044535552072029,0.037236868112863
2004-07-31,-0.010539682539682,-0.011116725619,-0.014244621506621,-0.014158301370869,-0.0038867962881403,-0.0035084263784424
2004-06-30,-0.00025390377047105,0.0064844246662429,0.013118692041265,0.017463110870448,0.0095580119086486,0.010118845923084
2004-05-31,0.016911954557191,0.012226512226512,-0.018527572042785,-0.02041721539362,-0.0085820239889765,-0.0084734269139957
2004-04-30,-0.084397163120567,-0.083077649280151,-0.050819451732797,-0.052626106846419,-0.061695721215171,-0.062249611228979
2004-03-31,0.078393881453155,0.070354932423898,0.08662623292287,0.083182784396717,0.092053975854902,0.088358631537554
2004-02-29,-0.022551706952405,-0.0097560975609756,-0.042254728945979,-0.031454801617961,-0.020579263576683,-0.013812060423111
2004-01-31,-0.038226482923906,-0.03963963963964,-0.053752557154266,-0.058932718586539,-0.023119605425401,-0.030114192005055
2003-12-31,0.048103491585029,0.044935358353207,0.012225541351986,0.011302098652226,-0.0036795037788686,0.0015520462901573
2003-11-30,0.035101404056162,0.031326860841424,0.018860361967433,0.014271111637558,0.0055681546366469,-0.0014895505770128
2003-10-31,0.00026007802340708,-0.0045103092783505,-0.012255605732334,-0.017143916626063,0.0039547679119676,0.00336957539123
2003-09-30,0.036388140161725,0.033013844515442,-0.019682772562684,-0.024595507366455,-0.031977094901379,-0.032857255490567
2003-08-31,0.042867182009838,0.05877378435518,0.062113545663331,0.077272644894704,0.082321355206711,0.087926575892545
2003-07-31,0.030711284948573,0.02528901734104,0.053224936903927,0.05271893884832,0.037987028013408,0.042118575609498
2003-06-30,-0.056451612903226,-0.042612064194798,-0.054275143256779,-0.049165532879819,-0.020065307814909,-0.016700197277184
2003-05-31,0.088690476190476,0.073199703043801,0.052414146786203,0.04602510460251,0.022084483911768,0.016825610147667
2003-04-30,0.0019382734456537,0.0056741824697625,-0.0087409213505359,-0.005655740411421,-0.020398234250481,-0.017513106373014
2003-03-31,-0.035380411333237,-0.036264210677795,-0.034586021994002,-0.039316092136328,-0.045314217591231,-0.046440012528725
2003-02-28,-0.061293371135413,-0.054557823129252,-0.01809338955447,-0.011627229933399,-0.056844300237435,-0.055875834082385
2003-01-31,0.080525164113786,0.058467741935484,0.053063123173356,0.031589598580617,0.047955560996511,0.026891241404815
2002-12-31,0.076983503534957,0.088230684845635,0.037326236571718,0.055328278518663,0.019695470759513,0.036211430138079
2002-11-30,0.0060060060060059,0.006784474597665,0.012041060955096,0.010475022048788,-0.00027455641978436,9.9705867690258e-05
2002-10-31,-0.018765508684863,-0.021007105344455,-0.016251601382041,-0.014986871927279,-0.023138652094274,-0.019221719014528
2002-09-30,0.032010243277849,0.034846547314578,0.023761854845521,0.020352882334589,0.035057224696842,0.027209432268353
2002-08-31,0.022585924713584,0.026752010503857,0.032007834049404,0.032719815484379,0.016671049846375,0.022673938934778
2002-07-31,-0.042469832314684,-0.043485086342229,-0.063557450404256,-0.060983105869246,-0.029277526291866,-0.030772294356131
2002-06-30,-0.025057295645531,-0.024800979791794,-0.066811233176222,-0.068157104564839,-0.079434136387346,-0.079414410027555
2002-05-31,0.057863261677711,0.059701492537314,0.051729824991283,0.056875848337377,0.017372288313506,0.021981270985249
2002-04-30,0.020957095709571,0.022561380225614,-0.0029973315292968,-0.0013649330285455,-0.012999421544448,-0.01110165468209
2002-03-31,0.021750126454224,0.015327606535287,0.016727647907372,0.008554988186876,0.01472099896039,0.004854919642208
2002-02-28,0.053463587921847,0.05154091392136,0.04847902080391,0.051762489729665,0.049203834829047,0.049470342216931
2002-01-31,0.018083182640145,0.020976491862568,0.046756310450578,0.043790200282383,0.044760782857545,0.042419806517312
2001-12-31,0.0065526028394613,0.0036297640653358,-0.011294017643339,-0.010186440853425,0.0081453512763417,0.021423765394979
2001-11-30,-0.022245951236875,-0.011659192825112,-0.00082343741098844,0.0067114793392737,-0.0026136049079123,-0.0060319983458045
2001-10-31,-0.034038164002063,-0.048959399522347,-0.023678302726317,-0.040123642038293,-0.021008416601281,-0.036391089802462
2001-09-30,0.056291992010169,0.073626373626374,0.048820066818688,0.064402267947933,0.057674874351762,0.07327350004678
2001-08-31,0.036904537751836,0.026701767581798,0.012902324781917,0.0076984978540773,-0.010209837731206,-0.013482064568871
2001-07-31,-0.016117080400148,-0.017368810051737,-0.030531528763585,-0.031834165242639,-0.048127586618352,-0.050102233480604
2001-06-30,0.014280345734686,0.011588785046729,0.023515742009072,0.020010383995931,0.016073867044425,0.011227879083405
2001-05-31,0.01005883469349,0.016530495914878,0.022664217463112,0.025993368483992,0.058839029630656,0.064779320784742
2001-04-30,0.016985138004246,0.021148622429181,0.0091974761949294,0.018507753547366,0.0066997459537956,0.018386139837666
2001-03-31,-0.022452830188679,-0.033745781777278,-0.0086002857672634,-0.02439722594305,0.022708617379448,0.0049132588983812
2001-02-28,-0.0045078888054094,0.0083175803402646,0.0073394495412845,0.023715130905974,0.004889676456505,0.021467062808164
2001-01-31,-0.023656702732441,-0.036254326835489,-0.0043593123553961,-0.018394086103211,-0.022818090534642,-0.040079977265346
2000-12-31,0.021161048689138,0.019881085098476,-0.026635787680349,-0.027910559582977,-0.048365970585846,-0.043717667916544
2000-11-30,0.01213040181956,0.017391304347826,0.032140717987043,0.041326945476122,-0.019590660977685,-0.0096028760565728
2000-10-31,-0.037577526450201,-0.033436871916682,-0.027021680434143,-0.020403330409089,0.0085615392773469,0.0030564724258621
2000-09-30,-0.0030914711765774,-0.012093862815885,-0.0098939143692034,-0.0236978030928,0.012979698670452,0.0013871366410051
2000-08-31,-0.0088320115356885,0.000903342366757,0.021130300818941,0.029442310813004,0.024275405812759,0.039747819859855
2000-07-31,-0.040636347916306,-0.039562727745966,-0.032255533293925,-0.028268365501871,-0.0058905621724472,-0.0062716147911679
2000-06-30,0.062075298438935,0.058402203856749,0.051120617604364,0.046100382703559,0.034927681413986,0.031229746273314
2000-05-31,-0.01305057096248,-0.010179967278677,0.03342974525659,0.035772255856205,-0.040526662277814,-0.035202297413094
2000-04-30,-0.00018122508155112,-0.0061427280939476,0.01837909782703,0.012957418208461,0.053445543661816,0.046064448697494
2000-03-31,-0.06156462585034,-0.057551506895964,-0.062503390731638,-0.066936890381758,-0.04459529299515,-0.048007670156896
2000-02-29,0.038685744568097,0.036533709848217,0.056460811004442,0.061451173314592,0.045831889681935,0.049175907745914
2000-01-31,-0.026817947395565,-0.023944875107666,-0.031194993697701,-0.025572072824453,-0.003201552770362,0.00067106200751318
1999-12-31,-0.0039383561643835,-0.0037755277158058,-0.013988655775043,-0.018385125755572,0.0032987404494187,-0.0024843520326831
1999-11-30,-0.022921197925381,-0.025911066532932,0.00066839792687061,0.0020427051330496,0.01155633758386,0.015462454581449
1999-10-31,-0.016131687242798,0.00033444816053519,-0.011085104999675,0.0053460331443044,0.0026533775211479,0.016754661593599
1999-09-30,0.19304791830322,0.1734693877551,0.15883320567073,0.14623433338803,0.17739819837713,0.16278241273892
1999-08-31,-0.0083739045764362,-0.003129890453834,0.006515296095246,0.0040044099197851,0.0078191462743332,0.0094293468034305
1999-07-31,-0.017036753445636,-0.020689655172414,-0.046424460821829,-0.047600082069107,-0.05302440931511,-0.0533068369403
1999-06-30,-0.036340158642317,-0.028294862248697,-0.021948358882779,-0.011948628054234,-0.02307448959121,-0.01578711550075
1999-05-31,-0.051775406681826,-0.062805303558967,-0.042872212601046,-0.056953448750893,-0.037904207619444,-0.051612331090443
1999-04-30,0.021622587562545,0.025585972445876,0.021622992294792,0.026160761166214,0.032985318983333,0.041372782157988
1999-03-31,-0.024407252440725,-0.026476223654416,-0.031063981863057,-0.034564779019374,0.003057480635956,-0.0052896889341392
1999-02-28,0.0040259058288116,0.0057813594954451,0.03198852078303,0.033452883303494,0.03816178232053,0.041299157835162
1999-01-31,-0.006261958601496,-0.008339124391939,0.00061698496171233,0.0088627665073381,,
1998-12-31,-0.028064243448859,-0.023413640990838,-0.032048491343224,-0.03486527541886,,
1998-11-30,0.0090412828386216,0.0082107423879575,0.026339306172953,0.023839721774263,,
1998-10-31,-0.0034002040122407,-0.005274800068062,0.0078751068104663,0.0065797074658595,,
1998-09-30,0.075713240673007,0.074798829553768,0.049613070168528,0.047133973723052,,
1998-08-31,-0.055286800276434,-0.053487969534361,-0.067015321987901,-0.065377657168702,,
1998-07-31,-0.021470836855452,-0.025143435707054,-0.0042785565501322,-0.0051743532058494,,
1998-06-30,0.011456908344733,0.0091961852861035,-0.010913747981514,-0.012606208696618,,
1998-05-31,-0.05889925973608,-0.055037013196009,-0.034981192907039,-0.029533818377796,,
1998-04-30,0.036012004001334,0.032225913621262,0.04082774049217,0.035204195492078,,
1998-03-31,0.011296577305682,0.012104909213181,-0.0065562840315589,-0.0070906270773322,,
1998-02-28,-0.017395626242545,-0.024438248318846,-0.025238301559792,-0.028469942414294,,
1998-01-31,0.043568464730291,0.050482425913163,0.056776556776557,0.060862118184413,,
1997-12-31,-0.025934658134052,-0.022237196765499,-0.012825583366292,-0.0078173681527219,,
1997-11-30,-0.043492268041237,-0.046885035324342,-0.046595561301444,-0.051322012037833,,
1997-10-31,-0.055817490494297,-0.062330623306233,-0.088033012379642,-0.095249671804347,,
1997-09-30,0.010295021511985,0.020746887966805,0.013442198546251,0.024712271436401,,
1997-08-31,-0.0018404907975461,-0.0030641948827945,0.010209726902379,0.0078332914888275,,
1997-07-31,-0.024098188893878,-0.024510536541623,-0.010451400985418,-0.0087108013937282,,
1997-06-30,-0.033839479392625,-0.03197337962963,-0.04686684692377,-0.04637584848341,,
1997-05-31,0.015567631076516,0.016022343083934,0.0096264367816092,0.0057287439728839,,
1997-04-30,-0.025894134477826,-0.022978601177653,-0.026028547439127,-0.021396869890213,,
1997-03-31,-0.030782029950083,-0.029141104294479,-0.031269769543606,-0.028238071457756,,
1997-02-28,0.045217391304348,0.037916063675832,0.026961807972528,0.019438145045587,,
1997-01-31,-0.066432147206062,-0.064319566689235,-0.0086944521115097,-0.010487268730537,,
1996-12-31,-0.0063189029308953,-0.0055211419337463,-0.015979358109637,-0.01096113778422,,
1996-11-30,-0.019509622989718,-0.021607378129117,-0.052417106335521,-0.053340193808421,,
1996-10-31,0.0,0.0013192612137203,-0.038916601393412,-0.038307698651602,,
1996-09-30,-0.020529373789542,-0.019278043731401,-0.024334325476631,-0.020755097920452,,
1996-08-31,0.0045395590142672,0.002984687256683,0.0053783007804602,0.0014152850788516,,
1996-07-31,0.011014948859166,0.0086387434554974,0.0040602541719112,0.0038970528537794,,
1996-06-30,-0.023684547433107,-0.021892203303034,-0.03043067475002,-0.026170145477546,,
1996-05-31,0.0010252466999873,-0.0019166879631996,-0.018166357452072,-0.02804887420272,,
1996-04-30,-0.016511217544744,-0.012741264034313,-0.0051526570791355,0.0033540228998805,,
1996-03-31,-0.0091170226052205,-0.010732559590665,-0.0044025879560506,-0.0097728574155373,,
1996-02-29,-0.0070684523809523,-0.012082357292566,-0.023915399275065,-0.025193509973206,,
1996-01-31,0.04266873545384,0.047932816537468,0.069883660496542,0.080759330759331,,
1995-12-31,-0.00296506381333,-0.0020629190304281,-0.0094253692923052,-0.016650187858414,,
1995-11-30,0.014252092050209,0.013458774336861,0.041321291599654,0.042078799868117,,
1995-10-31,-0.0035179153094463,-0.0035156250000001,0.00041255827385628,-0.0010703993412928,,
1995-09-30,0.0055024236866239,0.0043154178109062,-0.015155208841216,-0.013203331302052,,
1995-08-31,-0.0044345898004436,-0.002608582235555,0.02849979105725,0.02776617954071,,
1995-07-31,-0.010964912280702,-0.0095594884381862,-0.016521453230314,-0.015699490383035,,
1995-06-30,0.0087182823682499,0.0071558678116055,0.01692648472437,0.0054960948799536,,
1995-05-31,-0.013478818998716,-0.01398332264272,-0.0058997050147492,-0.0007020151965642,,
1995-04-30,0.007631612986677,-0.0057397959183674,0.0062290969899666,-0.0016902337469596,,
1995-03-31,0.028879425073197,0.04144527098831,0.0070306908601018,0.019373003866196,,
1995-02-28,-0.00039909538379682,0.004001066951187,0.0069950822452094,0.011132829098326,,
1995-01-31,-0.017385620915033,-0.021787345075016,-0.035531749601341,-0.04150205677514,,
1994-12-31,-0.0022172949002218,0.00039154267815186,-0.0022437989556136,0.0023678301694224,,
1994-11-30,-0.010454310789881,-0.0019538882375928,0.02706779518981,0.039200712740232,,
1994-10-31,-0.020108764385987,-0.027858680511587,-0.045970578829549,-0.056669468123424,,
1994-09-30,0.023559870550162,0.023590408295528,-0.0057233704292528,-0.0046209616380512,,
1994-08-31,0.0057284207785444,0.0045572916666667,0.00035783865452667,0.005608300284421,,
1994-07-31,-0.0035028541774779,-0.010946555054733,0.0019121220571246,-0.0092081762254415,,
1994-06-30,-0.002200647249191,0.0016769865841073,-0.018301982714794,-0.017279038926593,,
1994-05-31,0.026032673661841,0.029618807278523,0.025547445255474,0.035878787878788,,
1994-04-30,-0.034000513215294,-0.03275950668037,-0.050422728311372,-0.056603773584906,,
1994-03-31,0.023506237688772,0.020049796881143,0.024782422042696,0.020936296065689,,
1994-02-28,0.0067424643046008,0.0096586398518127,0.014611546685674,0.020653771299202,,
1994-01-31,-0.031869960322539,-0.03535417996171,-0.042284500739505,-0.050748407042944,,
1993-12-31,0.053532901833873,0.056214613103262,0.057891358420926,0.06227971803909,,
1993-11-30,0.0046057978867515,0.0035173160173159,0.0035025564636258,0.0057603222557906,,
1993-10-31,0.046646816957323,0.039662447257384,0.063586537638092,0.051327658493203,,
1993-09-30,-0.048434970318403,-0.04319741622931,-0.054761808394382,-0.052105495564209,,
1993-08-31,-0.081991577904384,-0.07517112632234,-0.094218572423654,-0.08168982932134,,
1993-07-31,0.065171503957784,0.06156691769058,0.085306171169379,0.083216866988779,,
1993-06-30,-0.005249343832021,0.0026493575307988,0.027766418581827,0.036333540244155,,
1993-05-31,0.077945961239214,0.06534010725374,0.089410611663028,0.073904541818505,,
1993-04-30,0.049124369249035,0.048845470692718,-0.0041259982253771,0.002182336436111,,
1993-03-31,0.024790874524715,0.031135531135531,-0.022083387565621,-0.025054277029961,,
1993-02-28,-0.0060468631897203,-0.008624602814344,0.047396164682359,0.039823008849558,,
1993-01-31,-0.006458395914689,-0.0073595674376689,-0.00049961393468677,0.0079184490761808,,
1992-12-31,-0.0023973629008091,-0.0038898862956314,-0.0056902858691235,-0.0086619146440494,,
1992-11-30,-0.015053128689492,-0.014885777450258,0.027851274195794,0.023172082717873,,
1992-10-31,-0.029226361031519,-0.027936962750716,0.098740245830571,0.10120469679256,,
1992-09-30,0.02496328928047,0.026470588235294,0.14346532921211,0.14751516565562,,
1992-08-31,-0.048749825394608,-0.049881235154394,-0.080688398027021,-0.081144817236574,,
1992-07-31,0.042370413511939,0.042079207920792,0.031751299922558,0.032997453216698,,
1992-06-30,0.017330765812472,0.017481481481481,-0.022599480968858,-0.021560130010834,,
1992-05-31,0.0038661710037175,0.0034190575293592,-0.02739653993795,-0.028574435615429,,
1992-04-30,-0.015373352855051,-0.015657009072286,-0.030388007953908,-0.033172220808954,,
1992-03-31,-0.032714912901855,-0.032285471537808,-0.02354874041621,-0.019358379484109,,
1992-02-29,-0.003106028518989,-0.0028240609997176,0.011532457068037,0.011506434519304,,
1992-01-31,0.0021222410865874,0.0026900750389354,0.052974864778874,0.049245432883241,,
1991-12-31,-0.036663486438599,-0.035899535899536,-0.096059821685361,-0.091586896916639,,
1991-11-30,0.026440962506995,0.02475870751154,0.015676728334956,0.010499197977932,,
1991-10-31,0.019686162624822,0.007185122569738,0.026845973104034,0.015449160908193,,
1991-09-30,0.010086455331412,0.021588946459413,-0.027517137439837,-0.022011971423055,,
1991-08-31,-0.045654565456546,-0.042579578338156,-0.04706972434561,-0.037405325031365,,
1991-07-31,-0.0089942763695829,-0.014931451065563,-0.046935711762628,-0.050599964707958,,
1991-06-30,0.014797400082976,0.022058823529412,0.072094674556213,0.076813453042611,,
1991-05-31,0.022916961380676,0.0074074074074073,0.02112335653519,0.012554112554112,,
1991-04-30,-0.0015536723163842,0.0059046815689583,0.015710919088767,0.014492753623188,,
1991-03-31,-0.024793388429752,-0.019437551695616,0.078128308278637,0.081881533101045,,
1991-02-28,-0.017857142857143,-0.009016393442623,0.002706862693063,0.01696553205197,,
1991-01-31,-0.054731457800511,-0.052304505437597,-0.071917639525146,-0.075219701107194,,
1990-12-31,0.016112266112266,0.0035078602052747,0.02225691122413,0.017119482880517,,
1990-11-30,0.014634146341463,0.014097496706192,0.017314686747605,0.01574762759682,,
1990-10-31,-0.0661167200197,-0.070763956904995,-0.098212223402781,-0.10614397065566,,
1990-09-30,0.046379799020871,0.053255963894262,0.063943772731741,0.064213916268176,,
1990-08-31,0.045809754783077,0.041498791297341,0.014105567462493,0.022654690618762,,
1990-07-31,0.053064699205448,0.057069846678024,-0.0076664358492433,-0.0062481404343945,,
1990-06-30,-0.031069562826505,-0.029885690676215,-0.063851460851044,-0.067209399139646,,
1990-05-31,-0.021127708249226,-0.012780421481985,-0.050806487056652,-0.037658580013354,,
1990-04-30,-0.0017463729177861,-0.0020352781546811,0.0051243539338251,0.0014264699326884,,
1990-03-31,-0.090197995600098,-0.096149129261712,-0.066361461684402,-0.071942743670362,,
1990-02-28,-0.02023709735361,-0.017708709794001,-0.021865418751008,-0.02070250779889,,
1990-01-31,0.041271820448878,0.041269443050677,-0.0078450208133206,-0.0039546426697873,,
1989-12-31,-0.014257620452311,-0.023398260443464,-0.03670573719926,-0.047800192122959,,
1989-11-30,0.081771041084962,0.087529976019184,0.089152983664385,0.096204877637842,,
1989-10-31,0.019105691056911,0.024010914051842,0.051253752428042,0.050022114108801,,
1989-09-30,0.026140155728587,0.018621456364647,-0.0093155477804504,-0.010892864954722,,
1989-08-31,-0.025738282308318,-0.023079011675265,0.029769410916952,0.033221840535165,,
1989-07-31,-0.005523373299205,-0.012600536193029,-0.073017993570743,-0.079164238741364,,
1989-06-30,0.021045392022008,0.030956329463792,0.036881520280507,0.04058209537009,,
1989-05-31,-0.046682402307894,-0.041716328963051,0.025708196430157,0.030344950689455,,
1989-04-30,-0.0026157467957102,-0.014744258872651,-0.0048603746907034,-0.012862869477116,,
1989-03-31,-0.011506140917906,-0.0098191214470284,0.019092219020173,0.023581928036793,,
1989-02-28,-0.020514119285805,-0.017766497461929,-0.0087041914029371,-0.011543432722735,,
1989-01-31,-0.037303425576009,-0.039609993906155,-0.01546912766425,-0.020218340611354,,
1988-12-31,-0.026465701400427,-0.029223852342641,-0.0024112231477421,0.0027586810877085,,
1988-11-30,0.021828765462042,0.024733268671193,-0.016640800137955,-0.015688978923322,,
1988-10-31,0.040767386091127,0.039576506175952,-0.011842890005964,-0.013772582359192,,
1988-09-30,-0.070833821977249,-0.072589129164232,-0.074296080132503,-0.076618126153001,,
1988-08-31,-0.014675294661428,-0.020718864468864,0.0058307881480306,-0.0011761477241541,,
1988-07-31,-0.0094998283163558,0.00057267208796243,-0.01199200532978,-0.0026198482834129,,
1988-06-30,-0.037775330396476,-0.041602634467618,0.037993735508278,0.033292929292929,,
1988-05-31,0.009449694274597,0.014476614699332,0.025659212283044,0.037953449360453,,
1988-04-30,-0.018013100436681,-0.017397964766386,-0.016172728019046,-0.016457680250784,,
1988-03-31,0.080825958702065,0.072275020532676,0.019799907907405,0.0075219216224078,,
1988-02-29,-0.089199355185384,-0.069541484716157,-0.089353104867914,-0.069165602878032,,
1988-01-31,-0.043679342240493,-0.05391448047924,0.0094274280437124,-0.0082482927952123,,
1987-12-31,-0.014982790038469,-0.017055837563452,-0.037624055695453,-0.030571258554002,,
1987-11-30,0.05534188034188,0.050554607508532,-0.011602796383734,-0.01121612179605,,
1987-10-31,0.019274746814766,0.020239390642002,-0.030104015052008,-0.035845979293717,,
1987-09-30,0.0071287563062075,0.013453903837671,0.0062153956063583,0.013620844564241,,
1987-08-31,-0.017985998922994,-0.019675675675676,-0.039161175178473,-0.040120049675728,,
1987-07-31,0.038358309103109,0.033981667784485,0.048547882103142,0.046158287920892,,
1987-06-30,-0.010293303818484,-0.0082039911308204,0.00014397293308865,-0.00068522792844777,,
1987-05-31,-0.006050605060506,-0.0049641478212907,0.017468688200395,0.018587906840056,,
1987-04-30,0.08472553699284,0.076603325415677,0.046808510638298,0.036357406631896,,
1987-03-31,0.032655576093654,0.0373290624615,-0.0069288460806335,0.001219744615971,,
1987-02-28,-0.0038055487355758,0.013358302122347,-0.012333145328069,-0.0095514950166112,,
1987-01-31,0.041954464057304,0.030225080385852,0.0052160108855879,-0.00056597366335878,,
1986-12-31,0.0023076923076922,-0.0019255455712452,-0.025381271642231,-0.02257053291536,,
1986-11-30,-0.028642590286426,-0.028678304239402,-0.053651734355935,-0.04916365676614,,
1986-10-31,-0.046771130104463,-0.052457466918714,-0.014904357979326,-0.024826454194166,,
1986-09-30,0.09119170984456,0.10007798284377,0.11532863490118,0.13147610756433,,
1986-08-31,0.078965758211041,0.076083916083916,0.088468273159343,0.079709236746459,,
1986-07-31,0.035455861070912,0.031002162941601,0.061844260480765,0.061696087997871,,
1986-06-30,0.0062618319499053,0.010343822843823,-0.02402246705552,-0.030696474634566,,
1986-05-31,-0.0040609137055837,-0.0073752711496746,0.036219555873925,0.042722015510826,,
1986-04-30,-0.0021707670043415,0.0050872093023256,-0.042770206565527,-0.03931955211025,,
1986-03-31,0.021433850702143,0.017300014786338,0.011662692391069,0.0045859652158865,,
1986-02-28,-0.044491525423729,-0.035235378031384,-0.077842635534943,-0.068171739568635,,
1986-01-31,0.08256880733945,0.072521419828641,0.10374652486651,0.093020181545783,,
1985-12-31,-0.0012217470983506,0.0046111281893637,0.028176043557169,0.039816723940435,,
1985-11-30,0.005065234075211,0.0006151953245155,-0.023222832831058,-0.028575243690746,,
1985-10-31,-0.0022970903522205,-0.0019953952417497,-0.031795751984553,-0.03008979450872,,
1985-09-30,-0.027550260610573,-0.022505626406602,-0.02822950546243,-0.027907171933359,,
1985-08-31,0.023316062176166,0.017557251908397,0.043648548674877,0.034648951413312,,
1985-07-31,0.036650868878357,0.030684500393391,-0.058623514952888,-0.050072179830893,,
1985-06-30,0.01069774868274,0.011942675159236,-0.0074007807417046,-0.014751300390117,,
1985-05-31,-0.035422762975512,-0.022872257662984,-0.059183595393856,-0.045461598138092,,
1985-04-30,-0.01561552456034,-0.023993925588459,-0.012467414711549,-0.029075022597168,,
1985-03-31,0.13528399311532,0.14422241529105,-0.0033811768604004,-0.00066617236927786,,
1985-02-28,-0.047228599540833,-0.061633784444807,-0.017872132711587,-0.021085402696927,,
1985-01-31,-0.01326860841424,-0.0053519299383718,0.017798804630926,0.024756194711983,,
1984-12-31,-0.059646987218503,-0.062917933130699,-0.029166088119441,-0.031115452008092,,
1984-11-30,-0.017638266068759,-0.013493253373313,-0.0047096218119134,-0.0020188228765853,,
1984-10-31,-0.02804009879413,-0.029818181818182,-0.0028720522481425,-0.012527172247717,,
1984-09-30,-0.010209951107276,-0.012921751615219,0.040152235247967,0.044270941171599,,
1984-08-31,0.017857142857143,0.017233825032861,0.013742629683162,0.017622022931615,,
1984-07-31,-0.089673550966023,-0.082294598579279,-0.056919071350782,-0.050107893903722,,
1984-06-30,-0.021384795931673,-0.02914769030579,0.0013975205746085,-0.0073328348450531,,
1984-05-31,0.019271664008506,0.022485364555615,0.028692954921154,0.029482092455068,,
1984-04-30,-0.031660231660232,-0.032689832689833,0.00021178726155361,-0.0015408949815093,,
1984-03-31,-0.020423600605144,-0.014584654407102,0.01079379863594,0.020390843442878,,
1984-02-29,0.066415703146007,0.054849498327759,0.0048456487282059,-0.0087094993258495,,
1984-01-31,-0.025163826998689,-0.022620292887029,0.007620467266975,0.0078772049360285,,
1983-12-31,-0.059765865680838,-0.055802469135802,-0.051278906165446,-0.042756721501558,,
1983-11-30,0.058018252933507,0.06020942408377,0.080355298492047,0.079860703525453,,
1983-10-31,-0.050742574257426,-0.05679012345679,-0.050109585795312,-0.055462955092266,,
1983-09-30,-0.025331724969843,-0.022329511164756,-0.028391984201496,-0.025137450730308,,
1983-08-31,-0.018354055654233,-0.018364928909953,0.00086765552995386,0.0013637544376136,,
1983-07-31,0.013197360527894,0.014423076923077,0.019530977576632,0.022220091388193,,
1983-06-30,-0.050683371298406,-0.049142857142857,-0.000231190963736,-0.0052643936225632,,
1983-05-31,0.024504084014002,0.019219569015725,-0.0053836635921992,-0.0084031779291077,,
1983-04-30,0.034399517199759,0.034960819770946,-0.022808982352018,-0.016936545173657,,
1983-03-31,-0.013103037522335,0.015299877600979,0.017289110944207,0.039466200769474,,
1983-02-28,-0.1655069582505,-0.18218218218218,-0.1592066968889,-0.17787475666144,,
1983-01-31,0.12276785714286,0.093237032173342,0.18130349388255,0.16234601230481,,
1982-12-31,0.046117921774664,0.047935779816514,0.044173759906076,0.043096133538359,,
1982-11-30,0.014810426540284,0.030124040165387,0.055741612537989,0.069338510608792,,
1982-10-31,0.069031032298923,0.066120906801008,0.078914206357371,0.077564491200506,,
1982-09-30,-0.0362548828125,-0.035236938031592,-0.022015795033451,-0.022148186186713,,
1982-08-31,0.19591240875912,0.20005832604258,0.21165762581012,0.21682254385475,,
1982-07-31,0.090764331210191,0.08,0.09101185858362,0.080622759487695,,
1982-06-30,-0.035330261136713,-0.023827824750192,-0.0070539556073994,0.0030561337430205,,
1982-05-31,-0.087596355991591,-0.099653979238754,-0.086627232019459,-0.096138723260236,,
1982-04-30,0.11310452418097,0.12890625,0.10534063638788,0.11948872532359,,
1982-03-31,-0.11768754301445,-0.11748483177055,-0.098807026677947,-0.09719106210449,,
1982-02-28,-0.064391500321958,-0.063049095607235,-0.030687558533946,-0.031713791675799,,
1982-01-31,-0.029375,-0.026415094339623,-0.012785873741293,-0.01686092727917,,
1981-12-31,-0.037304452466907,-0.041013268998794,-0.013944392483632,-0.011792653725665,,
1981-11-30,-0.031468531468532,-0.029274004683841,-0.089549286082918,-0.086184529163495,,
1981-10-31,0.0058616647127784,-0.0040816326530612,-0.019763245758996,-0.023767509013078,,
1981-09-30,0.0023501762632197,0.0088235294117647,0.025205725745108,0.028884410236809,,
1981-08-31,0.04996915484269,0.04679802955665,0.061844882973841,0.050770410398715,,
1981-07-31,-0.038552787663108,-0.046948356807512,0.0062155397729897,-0.00066134851242187,,
1981-06-30,-0.11958224543081,-0.11111111111111,-0.06186263721982,-0.051637851609303,,
1981-05-31,-0.0046777546777547,-0.0072501294665976,0.026850772693707,0.027950075811135,,
1981-04-30,-0.064657267865824,-0.060340632603406,-0.018974802091243,-0.017788045804327,,
1981-03-31,0.048954614992351,0.050613496932515,0.031891706895309,0.031084653106439,,
1981-02-28,-0.033990147783251,-0.034550839091806,0.044029356038345,0.041955810800032,,
1981-01-31,-0.13910093299406,-0.14116150911403,-0.13928163873129,-0.13465614265877,,
1980-12-31,-0.051488334674175,-0.048406615570795,-0.061151762444247,-0.06318964500755,,
1980-11-30,-0.022798742138365,-0.014705882352941,0.0090704164877629,0.018399656023273,,
1980-10-31,-0.050746268656716,-0.056617922759655,-0.070097072842063,-0.074739256657468,,
1980-09-30,0.057199211045365,0.056237623762376,0.058172696065487,0.057252530304925,,
1980-08-31,0.025485436893204,0.027676027676028,0.0026665658036575,0.0061957632417758,,
1980-07-31,-0.067169811320755,-0.060061208875287,-0.058390911033549,-0.053517426544355,,
1980-06-30,0.2467068121942,0.2203548085901,0.23058987496001,0.20881354749213,,
1980-05-31,0.023399133365431,0.033783783783784,-0.0043723191182054,-0.0016201384957102,,
1980-04-30,0.031793343268753,0.047522750252781,-0.010235856594353,0.0066640361260906,,
1980-03-31,-0.213671875,-0.22370486656201,-0.17485201512457,-0.18582320773306,,
1980-02-29,-0.041916167664671,-0.024502297090352,-0.047925544909204,-0.027203089081956,,
1980-01-31,0.27480916030534,0.275390625,0.25315384648092,0.25541978543186,,
1979-12-31,0.25599232981783,0.23180560567785,0.23778472485369,0.21342650388269,,
1979-11-30,0.098617511520737,0.088089005235602,0.040478380864765,0.030931658050302,,
1979-10-31,-0.043450881612091,-0.038388923851479,0.011745412640723,0.012758060774762,,
1979-09-30,0.24940991345397,0.2607108854332,0.27781160179535,0.29490012658499,,
1979-08-31,0.075842221093618,0.062911114859167,0.091388129123978,0.068335841935163,,
1979-07-31,0.06836679327184,0.068288288288288,0.0153686836593,0.023010966163562,,
1979-06-30,-0.0025257081003066,0.010560815731974,-0.049668602613902,-0.033467050442324,,
1979-05-31,0.13842678168002,0.11944557684468,0.13368889039151,0.11458307019981,,
1979-04-30,0.015856457333611,0.021657642648896,0.019219338220725,0.024879614767255,,
1979-03-31,-0.044838581108011,-0.044568245125348,-0.063575934560591,-0.06716255705557,,
1979-02-28,0.076593005792748,0.075310226786478,0.061800303219783,0.059996586739483,,
1979-01-31,0.038084632516704,0.034070796460177,0.058785652745658,0.058856481983447,,
1978-12-31,0.15900877645844,0.16856256463288,0.10959607140701,0.11288084464555,,
1978-11-30,-0.20500718243382,-0.20280296784831,-0.14901305930208,-0.14385330578512,,
1978-10-31,0.12048746838354,0.11745739290649,0.058732331795062,0.056730104435792,,
1978-09-30,0.048962855764592,0.040249161475803,0.032627420140059,0.024082579491145,,
1978-08-31,0.042232277526395,0.042197253433208,0.037614144161648,0.035970736980273,,
1978-07-31,0.085698689956332,0.093963397978694,0.045585666111405,0.051973236676718,,
1978-06-30,-0.0091941590048676,-0.0059733912571273,-0.029694968708422,-0.023303551064526,,
1978-05-31,0.087647058823529,0.077846063798654,0.093255037172718,0.080672989337191,,
1978-04-30,-0.059474412171508,-0.059196035242291,-0.046743562617475,-0.043884095985574,,
1978-03-31,-0.0068681318681319,-0.0035665294924554,0.03464362759163,0.036336221542644,,
1978-02-28,0.038812785388128,0.036984352773826,0.047090765447485,0.045981607357057,,
1978-01-31,0.057971014492754,0.06547438617763,0.034904074253207,0.046650314450786,,
1977-12-31,0.036295369211514,0.030615432677288,-0.013540838350562,-0.023464638437961,,
1977-11-30,-0.0062189054726368,-0.0089783281733745,0.002379840812562,0.0049855680923642,,
1977-10-31,0.044834307992203,0.048360921778643,-0.0035514103524179,-0.0056945153422948,,
1977-09-30,0.054109589041096,0.05513698630137,0.052170383458288,0.052421087818156,,
1977-08-31,0.01038062283737,0.013185287994448,0.0074811767818912,0.010519712396854,,
1977-07-31,0.010842952081147,0.0076923076923076,0.00067400043328596,-0.00274302213667,,
1977-06-30,-0.0017458100558659,0.00034977264777902,-0.0036694167306216,-0.00057714505579071,,
1977-05-31,-0.022525597269625,-0.029202037351443,-0.021209169121703,-0.028921711716971,,
1977-04-30,-0.022029372496662,-0.011081262592344,-0.021578355038012,-0.010627851903194,,
1977-03-31,0.053075571177504,0.0430823117338,0.046409344356855,0.039507655358751,,
1977-02-28,0.076835730507192,0.078987150415722,0.079983907180772,0.079362816258814,,
1977-01-31,-0.018208844295801,-0.01635687732342,-0.024917111690415,-0.023231671034474,,
1976-12-31,0.034204458109147,0.032629558541267,0.001711308580628,0.004846958247462,,
1976-11-30,0.063777596075225,0.057653268371904,0.034950080684308,0.018397118648459,,
1976-10-31,0.053402239448751,0.061637931034483,0.094953528794909,0.11918916567584,,
1976-09-30,0.12663755458515,0.11538461538462,0.19925233000844,0.1779193496046,,
1976-08-31,-0.083185053380783,-0.075555555555556,-0.07894068737901,-0.071019436731456,,
1976-07-31,-0.092084006462036,-0.091276252019386,-0.092803984511077,-0.092094269497825,,
1976-06-30,-0.011576846307385,-0.013545816733068,-0.017064025468695,-0.025383988992783,,
1976-05-31,-0.022629730784237,-0.022585669781932,0.016862581471303,0.023126867386808,,
1976-04-30,-0.01042471042471,-0.0092592592592592,0.028485601823078,0.029731088956602,,
1976-03-31,-0.021164021164021,-0.020408163265306,0.035995707496551,0.035456647930036,,
1976-02-29,0.03359375,0.032383925087788,0.035018961331577,0.034263718159929,,
1976-01-31,-0.087344028520499,-0.086274509803922,-0.090406569774994,-0.089114625418446,,
1975-12-31,0.014466546112116,0.015200868621064,0.010766021386162,0.013601661450259,,
1975-11-30,-0.035913528591353,-0.033240027991602,-0.0076149113282663,-0.0047742423801345,,
1975-10-31,0.037251356238698,0.011681415929204,0.020868125859037,-0.0060762130725384,,
1975-09-30,-0.14396284829721,-0.11608260325407,-0.11514620494848,-0.086883578382806,,
1975-08-31,-0.029447115384615,-0.041391721655669,-0.012895813701318,-0.02427109381042,,
1975-07-31,0.0024096385542169,0.0027067669172932,0.030502567377019,0.016149523896842,,
1975-06-30,-0.01043219076006,-0.0044910179640719,0.036353860788287,0.058139534883721,,
1975-05-31,0.0020908004778972,0.0,0.020454961101811,0.017758657169053,,
1975-04-30,-0.058227848101266,-0.057827926657264,-0.037024493334778,-0.039272017671053,,
1975-03-31,-0.022008253094911,-0.024759284731774,-0.014301547665149,-0.01318551999893,,
1975-02-28,0.031205673758865,0.033845278725825,0.010511685647973,0.012579553148274,,
1975-01-31,-0.06,-0.057372654155496,-0.070582923648038,-0.069254521393913,,
1974-12-31,0.03021978021978,0.013586956521739,0.01817067408987,0.0032368597402926,,
1974-11-30,0.09375,0.10179640718563,0.098590166234131,0.10624816415593,,
1974-10-31,0.12813559322034,0.10413223140496,0.12774877392818,0.10291259140415,,
1974-09-30,-0.049919484702093,-0.030448717948718,-0.056468586270207,-0.036605484134651,,
1974-08-31,0.0081168831168831,0.0,0.033603332561907,0.027126457837211,,
1974-07-31,0.049403747870528,0.081455805892548,0.057496206620874,0.084587493170417,,
1974-06-30,-0.062300319488818,-0.079744816586922,-0.076163631978777,-0.076383154417837,,
1974-05-31,-0.071216617210682,-0.073855243722304,-0.040078710536216,-0.060525521858434,,
1974-04-30,-0.026011560693642,-0.021676300578035,-0.037998997828629,-0.035152405638801,,
1974-03-31,0.020648967551622,0.064615384615385,-0.022703467413927,0.022434807256236,,
1974-02-28,0.27204502814259,0.22641509433962,0.25041247810039,0.21468780664153,,
1974-01-31,0.18708240534521,0.1804008908686,0.21589592984778,0.20267080745342,,
1973-12-31,0.11970074812968,0.11138613861386,0.1319941939411,0.12070165668941,,
1973-11-30,0.030848329048843,0.030612244897959,0.070284898143276,0.072623195619711,,
1973-10-31,-0.029925187032419,-0.02,-0.039402108506234,-0.029937228392081,,
1973-09-30,-0.036057692307692,-0.033816425120773,-0.018521143397118,-0.015801354401806,,
1973-08-31,-0.097222222222222,-0.10467128027682,-0.083409120436534,-0.089502834148241,,
1973-07-31,-0.067206477732794,-0.062068965517241,-0.035221860115317,-0.032060812933219,,
1973-06-30,0.078602620087336,0.074074074074074,0.073369808951476,0.067631014129852,,
1973-05-31,0.26240352811466,0.26488095238095,0.2230144800351,0.22693731998354,,
1973-04-30,0.0049861495844876,0.008,0.0010706932052162,0.0039657404092423,,
1973-03-31,0.058030480656506,0.058823529411765,0.060284100832508,0.059865732632808,,
1973-02-28,0.29242424242424,0.28787878787879,0.23878551853454,0.23566327634711,,
1973-01-31,0.020092735703246,0.016949152542373,0.0054383293452251,0.0024223580028201,,
1972-12-31,0.017295597484277,0.020440251572327,0.020006656558559,0.023119035288895,,
1972-11-30,-0.012728966159578,-0.012268985867371,-0.020147117440302,-0.01840891761374,,
1972-10-31,0.0049921996879876,0.0029595015576324,0.042812877871826,0.038303487276155,,
1972-09-30,-0.040419161676647,-0.040071770334928,-0.029840897426498,-0.028815172817809,,
1972-08-31,-0.030478955007257,-0.020790629575403,-0.02983959881922,-0.020091848450057,,
1972-07-31,0.074882995319813,0.05645784996133,0.076537254001072,0.053443192985108,,
1972-06-30,0.080944350758853,0.087468460891506,0.15123198307401,0.16324466915806,,
1972-05-31,0.1979797979798,0.19858870967742,0.19682422451994,0.19748341581552,,
1972-04-30,0.023150062009095,0.025217031831335,0.02492565558259,0.0270357953931,,
1972-03-31,-0.00041322314049579,0.0037344398340249,-0.0040387722132471,5.4074514681297e-05,,
1972-02-29,0.030883919062833,0.022269353128314,0.026250345399282,0.017496561210454,,
1972-01-31,0.076341127922971,0.080926180651078,0.059240180296201,0.063362976831266,,
1971-12-31,0.0016073478760046,0.00045871559633018,-0.021760293191319,-0.022476408350014,,
1971-11-30,0.027122641509434,0.029759093056212,0.02705404928542,0.02865042946229,,
1971-10-31,-0.0018832391713747,-0.0061032863849765,-0.0054980405919168,-0.0085160989267381,,
1971-09-30,0.03609756097561,0.047970479704797,0.026292094363407,0.038338077645206,,
1971-08-31,-0.034839924670433,-0.04127358490566,-0.051525848326122,-0.058075189685664,,
1971-07-31,0.056716417910448,0.057356608478803,0.057180690983508,0.057748008689356,,
1971-06-30,-0.014705882352941,-0.018119490695397,-0.01511648586164,-0.018595286035769,,
1971-05-31,0.03030303030303,0.028715365239295,0.030608504398827,0.029069413126943,,
1971-04-30,0.020618556701031,0.021090534979424,0.020385262764167,0.02052366440699,,
1971-03-31,0.00025779840164986,0.0020618556701032,-0.00087200249143565,0.0011830635118308,,
1971-02-28,0.02078947368421,0.019710906701708,0.02085585299167,0.019941572462848,,
1971-01-31,0.016586409844837,0.017924023542001,0.0070436063264391,0.0082602292373695,,
1970-12-31,-0.0058510638297872,-0.0042621204049014,-0.0078144853875476,-0.0062360801781737,,
1970-11-30,0.0053475935828878,0.0077852348993288,0.0060079253483318,0.008470769428223,,
1970-10-31,0.032008830022075,0.023351648351648,0.031037891268534,0.022238257675151,,
1970-09-30,0.013139502376293,0.016759776536313,0.011127398720682,0.014845882431263,,
1970-08-31,0.0136015868518,0.014164305949008,0.01680216802168,0.017338300033864,,
1970-07-31,-0.0061954379048155,-0.0053536207382363,-0.0042501517911354,-0.0035094823513532,,
1970-06-30,0.00028169014084501,0.0011283497884344,0.0027058107285396,0.0036577931314774,,
1970-05-31,-0.0097629009762901,-0.01115760111576,-0.0081186258722491,-0.009327607032613,,
1970-04-30,0.015580736543909,0.015580736543909,0.016020178607949,0.015883836662349,,
1970-03-31,0.0085714285714285,0.0079954311821814,0.0090108680698858,0.0084559329025162,,
1970-02-28,0.00057175528873651,0.00085738782509292,-0.0017166792556479,-0.0014416146083614,,
1970-01-31,-0.0065322351604659,-0.0059659090909091,-0.0069553358336174,-0.006343792633015,,
1969-12-31,-0.0095639943741208,-0.01123595505618,-0.011459386585777,-0.01306045509627,,
1969-11-30,-0.10790464240903,-0.10440251572327,-0.10820559062218,-0.10474927675988,,
1969-10-31,-0.019680196801968,-0.022621096631424,-0.024797748856841,-0.027831487666257,,
1969-09-30,-0.0073260073260074,-0.004650024473813,-0.0080251221214237,-0.0053036484438746,,
1969-08-31,-0.012062726176116,-0.012805025368446,-0.0083044982698961,-0.0089528100271471,,
1969-07-31,0.0053359204462771,0.0046116504854368,0.0056837953833661,0.0047588648366315,,
1969-06-30,-0.04449594438007,-0.04363974001857,-0.045452029009578,-0.044155988239862,,
1969-05-31,-0.010321100917431,-0.011926605504587,-0.010571866783523,-0.013246483113471,,
1969-04-30,0.011600928074246,0.016317016317016,0.013884260801955,0.019532339974329,,
1969-03-31,0.0077156885667524,0.0046838407494144,0.0075541379889207,0.0043156596794082,,
1969-02-28,0.0051703877790836,0.0037611659614481,0.0036504549028416,0.0022469385462307,,
1969-01-31,0.01430274135876,0.01527446300716,0.012164620281946,0.01314666211371,,
1968-12-31,0.052697616060226,0.051442910915935,0.053034837782832,0.051777804381659,,
1968-11-30,0.016581632653061,0.021794871794872,0.018907050500122,0.024091215594924,,
1968-10-31,-0.012594458438287,-0.015151515151515,-0.014011666365987,-0.015688167501358,,
1968-09-30,-0.0037641154328732,-0.0050251256281406,-0.0052641024107195,-0.0074859264582585,,
1968-08-31,0.024421593830334,0.024453024453024,0.029245166851373,0.029406325134085,,
1968-07-31,-0.05006105006105,-0.050122249388753,-0.055038398882942,-0.055105726102406,,
1968-06-30,-0.025,-0.025029797377831,-0.02457295272686,-0.024602272727273,,
1968-05-31,0.074168797953964,0.072890025575448,0.080049034630708,0.078894133513149,,
1968-04-30,0.11079545454545,,0.10790438679886,,,
1968-03-31,0.0,,0.0058056143706032,,,
1968-02-29,0.0,,0.0033580043859649,,,
